institution,state,year,url,link_text,source_page
Bethel University,MN,2026,https://www.bethel.edu/_assets/pdf/spring-2026-program.pdf,spring 2026 commencement program (pdf),https://www.bethel.edu/commencement
Case Western Reserve University,OH,2026,https://case.edu/commencement/sites/default/files/2026-05/2026_CWRU%20Commencement%20Book.pdf,View our Digital Program for the 2026 Bicentennial Commencement,https://case.edu/commencement
Georgia College and State University,GA,2024,https://www.gcsu.edu/sites/default/files/documents/2024-08/2024%20Undergraduate%20Graduation%20Application.pdf,Undergraduate Graduation Application,https://www.gcsu.edu/registrar/graduation-and-commencement
Georgia College and State University,GA,2025,https://www.gcsu.edu/sites/default/files/documents/2025-12/Application%20for%20Graduate%20Degree.pdf,Graduate Graduation Application,https://www.gcsu.edu/registrar/graduation-and-commencement
Marquette University,WI,,https://www.marquette.edu/commencement/documents/fiserv-forum-map.pdf,Fiserv Forum Campus Map,https://www.marquette.edu/commencement
Marquette University,WI,,https://www.marquette.edu/commencement/documents/commencement-at-a-glance-undergraduate.pdf,Undergraduate Commencement Information At-a-Glance,https://www.marquette.edu/commencement
Marquette University,WI,,https://www.marquette.edu/commencement/documents/commencement-at-a-glance-graduate.pdf,"Graduate School, Graduate School of Management and Health Sciences Professional Commencement Information At-a-Glance",https://www.marquette.edu/commencement
Marquette University,WI,,https://www.marquette.edu/commencement/documents/commencement-at-a-glance-faculty.pdf,Faculty Commencement Information At-a-Glance,https://www.marquette.edu/commencement
University of Alabama at Birmingham,AL,2026,https://www.uab.edu/commencement/images/documents/program-books/commencement-program--may2026.pdf,Spring 2026 Commencement Program Book  Opens a PDF.,https://www.uab.edu/commencement
University of Arkansas for Medical Sciences,AR,2026,https://nursing.uams.edu/wp-content/uploads/2026/05/2602266-CON-2026-Commencement-FINAL-web.pdf,Click here,https://nursing.uams.edu/current-students/current-students-academic-info-resources-pinning-hooding-recognition-and-commencement/
University of California San Francisco,CA,2026,https://nursing.ucsf.edu/sites/nursing.ucsf.edu/files/2026-06/SON%202026%20Commencement%20Program%20-%20June%209%202026.pdf,Access the 2026 School of Nursing Digital Commencement Program,https://nursing.ucsf.edu/news-events/commencement-2026
University of Delaware,DE,2026,https://www.udel.edu/content/dam/udelImages/Commencement/yard-signs/UDco2026_8-5x11_noname.pdf,"8.5x11 Yard Sign
			
				>",https://www.udel.edu/commencement
University of Delaware,DE,2026,https://www.udel.edu/content/dam/udelImages/Commencement/yard-signs/UDco2026_24x18_noname.pdf,"18x24 Yard Sign
			
				>",https://www.udel.edu/commencement
University of Delaware,DE,2026,https://www.udel.edu/content/dam/udelImages/Commencement/yard-signs/UDco2026_8-5x11_spaceforname.pdf,"8.5x11 - Add Your Graduate's Name
			
				>",https://www.udel.edu/commencement
University of Delaware,DE,2026,https://www.udel.edu/content/dam/udelImages/Commencement/yard-signs/UDco2026_24x18_spaceforname.pdf,"18x24 - Add Your Graduate's Name
			
				>",https://www.udel.edu/commencement
University of Michigan,MI,2026,https://nursing.umich.edu/sites/default/files/content/page/2026-05/2026_commencement_program.pdf,DOWNLOAD THE COMMENCEMENT PROGRAM,https://nursing.umich.edu/current-students/commencement
University of Nevada Las Vegas,NV,2026,https://www.unlv.edu/sites/default/files/media/document/2026-05/Commencement-Undergraduate-Spring-2026.pdf,Undergraduate Commencement Program,https://www.unlv.edu/commencement
University of Nevada Las Vegas,NV,2026,https://www.unlv.edu/sites/default/files/media/document/2026-05/Commencement-Graduate-Spring-2026.pdf,Graduate Commencement Program,https://www.unlv.edu/commencement
University of Nevada Las Vegas,NV,2026,https://www.unlv.edu/sites/default/files/media/document/2026-03/Commencement-Undergraduate-Winter-2025.pdf,Winter 2025 Undergraduate Commencement Program,https://www.unlv.edu/commencement
University of Nevada Las Vegas,NV,2025,https://www.unlv.edu/sites/default/files/media/document/2025-12/Commencement-Grad-Winter-2025.pdf,Winter 2025 Graduate Commencement Program,https://www.unlv.edu/commencement
